1,2,3,4,5,6,7
完整教材錄影,完整投影片,NA,NA,NA,NA,NA
完整投影片,完整教材錄影,討論,教材下載,NA,NA,NA
相關規定,教材下載,NA,NA,NA,NA,NA
完整投影片,NA,NA,NA,NA,NA,NA
完整投影片,測驗,討論,NA,NA,NA,NA
完整教材錄影,教材下載,討論,NA,NA,NA,NA
完整教材錄影,完整投影片,完整教材錄影,重點整理,NA,NA,NA
重點整理,完整教材錄影,完整投影片,重點整理,NA,NA,NA
重點整理,NA,NA,NA,NA,NA,NA
完整教材錄影,NA,NA,NA,NA,NA,NA
重點整理,教材下載,完整教材錄影,NA,NA,NA,NA
考古題,NA,NA,NA,NA,NA,NA
完整投影片,完整教材錄影,完整投影片,完整教材錄影,相關規定,NA,NA
考古題,教材下載,NA,NA,NA,NA,NA
完整教材錄影,教材下載,完整教材錄影,完整投影片,NA,NA,NA
完整投影片,討論,NA,NA,NA,NA,NA
考古題,完整投影片,重點整理,NA,NA,NA,NA
完整投影片,完整教材錄影,NA,NA,NA,NA,NA
完整投影片,NA,NA,NA,NA,NA,NA
考古題,完整教材錄影,NA,NA,NA,NA,NA
完整投影片,完整教材錄影,課程相關疑難釋疑含相關規定,完整教材錄影,重點整理,完整教材錄影,NA
完整教材錄影,測驗,考古題,NA,NA,NA,NA
考古題,相關規定,完整教材錄影,NA,NA,NA,NA
完整教材錄影,測驗,完整投影片,完整教材錄影,NA,NA,NA
完整教材錄影,完整投影片,完整教材錄影,完整投影片,NA,NA,NA
完整投影片,重點整理,完整投影片,NA,NA,NA,NA
完整教材錄影,討論,完整投影片,完整教材錄影,NA,NA,NA
完整教材錄影,討論,測驗,重點整理,完整教材錄影,完整投影片,完整教材錄影
完整投影片,NA,NA,NA,NA,NA,NA
完整教材錄影,NA,NA,NA,NA,NA,NA
重點整理,教材下載,重點整理,NA,NA,NA,NA
完整教材錄影,測驗,完整教材錄影,課程相關疑難釋疑含相關規定,重點整理,NA,NA
完整教材錄影,NA,NA,NA,NA,NA,NA
完整教材錄影,完整投影片,教材下載,完整教材錄影,NA,NA,NA
完整教材錄影,教材下載,NA,NA,NA,NA,NA
教材下載,NA,NA,NA,NA,NA,NA
完整教材錄影,NA,NA,NA,NA,NA,NA
完整教材錄影,完整投影片,完整教材錄影,完整投影片,完整教材錄影,NA,NA
完整教材錄影,重點整理,NA,NA,NA,NA,NA
重點整理,完整教材錄影,NA,NA,NA,NA,NA
完整教材錄影,NA,NA,NA,NA,NA,NA
完整教材錄影,NA,NA,NA,NA,NA,NA
完整教材錄影,教材下載,完整教材錄影,教材下載,NA,NA,NA
完整教材錄影,完整投影片,重點整理,測驗,完整投影片,NA,NA
完整教材錄影,完整投影片,討論,測驗,教材下載,NA,NA
教材下載,完整投影片,教材下載,完整投影片,教材下載,完整投影片,NA
完整投影片,NA,NA,NA,NA,NA,NA
完整投影片,NA,NA,NA,NA,NA,NA
完整投影片,NA,NA,NA,NA,NA,NA
完整投影片,NA,NA,NA,NA,NA,NA
完整投影片,NA,NA,NA,NA,NA,NA
完整教材錄影,完整投影片,NA,NA,NA,NA,NA
完整教材錄影,課程相關疑難釋疑含相關規定,完整教材錄影,NA,NA,NA,NA
完整教材錄影,完整投影片,重點整理,NA,NA,NA,NA
重點整理,NA,NA,NA,NA,NA,NA
重點整理,完整投影片,NA,NA,NA,NA,NA
完整教材錄影,討論,重點整理,NA,NA,NA,NA
完整教材錄影,完整投影片,NA,NA,NA,NA,NA
完整投影片,討論,完整教材錄影,NA,NA,NA,NA
完整投影片,NA,NA,NA,NA,NA,NA
考古題,NA,NA,NA,NA,NA,NA
考古題,完整投影片,教材下載,NA,NA,NA,NA
教材下載,NA,NA,NA,NA,NA,NA
教材下載,完整教材錄影,完整投影片,討論,測驗,NA,NA
教材下載,完整教材錄影,完整投影片,教材下載,NA,NA,NA
教材下載,完整教材錄影,重點整理,NA,NA,NA,NA
重點整理,完整投影片,完整教材錄影,討論,測驗,教材下載,NA
教材下載,完整投影片,NA,NA,NA,NA,NA
完整投影片,NA,NA,NA,NA,NA,NA
完整投影片,教材下載,NA,NA,NA,NA,NA
教材下載,完整投影片,NA,NA,NA,NA,NA
完整投影片,教材下載,完整投影片,NA,NA,NA,NA
完整投影片,教材下載,NA,NA,NA,NA,NA
考古題,討論,NA,NA,NA,NA,NA
討論,完整投影片,完整教材錄影,完整投影片,NA,NA,NA
完整投影片,NA,NA,NA,NA,NA,NA
完整投影片,完整教材錄影,NA,NA,NA,NA,NA
完整教材錄影,NA,NA,NA,NA,NA,NA
完整教材錄影,NA,NA,NA,NA,NA,NA
完整投影片,討論,重點整理,完整教材錄影,NA,NA,NA
完整教材錄影,完整投影片,NA,NA,NA,NA,NA
完整投影片,完整教材錄影,NA,NA,NA,NA,NA
完整教材錄影,完整投影片,NA,NA,NA,NA,NA
完整投影片,NA,NA,NA,NA,NA,NA
完整投影片,NA,NA,NA,NA,NA,NA
完整投影片,NA,NA,NA,NA,NA,NA
完整投影片,討論,完整投影片,完整教材錄影,完整投影片,NA,NA
教材下載,完整投影片,教材下載,NA,NA,NA,NA
相關規定,完整投影片,相關規定,完整投影片,NA,NA,NA
完整投影片,完整教材錄影,NA,NA,NA,NA,NA
完整教材錄影,完整投影片,教材下載,NA,NA,NA,NA
教材下載,完整投影片,教材下載,NA,NA,NA,NA
完整投影片,討論,測驗,完整教材錄影,NA,NA,NA
完整投影片,完整教材錄影,完整投影片,重點整理,完整投影片,完整教材錄影,NA
完整教材錄影,NA,NA,NA,NA,NA,NA
完整投影片,NA,NA,NA,NA,NA,NA
完整教材錄影,教材下載,完整教材錄影,課程相關疑難釋疑含相關規定,完整教材錄影,NA,NA
完整教材錄影,教材下載,NA,NA,NA,NA,NA
教材下載,NA,NA,NA,NA,NA,NA
教材下載,完整投影片,教材下載,NA,NA,NA,NA
教材下載,NA,NA,NA,NA,NA,NA
教材下載,完整教材錄影,NA,NA,NA,NA,NA
完整教材錄影,NA,NA,NA,NA,NA,NA
完整教材錄影,NA,NA,NA,NA,NA,NA
完整教材錄影,NA,NA,NA,NA,NA,NA
完整教材錄影,NA,NA,NA,NA,NA,NA
完整教材錄影,NA,NA,NA,NA,NA,NA
完整教材錄影,NA,NA,NA,NA,NA,NA
完整教材錄影,NA,NA,NA,NA,NA,NA
完整教材錄影,NA,NA,NA,NA,NA,NA
完整投影片,完整教材錄影,NA,NA,NA,NA,NA
完整教材錄影,完整投影片,NA,NA,NA,NA,NA
完整投影片,完整教材錄影,NA,NA,NA,NA,NA
完整教材錄影,NA,NA,NA,NA,NA,NA
完整教材錄影,重點整理,完整教材錄影,完整投影片,NA,NA,NA
完整投影片,完整教材錄影,NA,NA,NA,NA,NA
完整教材錄影,完整投影片,完整教材錄影,完整投影片,NA,NA,NA
完整投影片,完整教材錄影,NA,NA,NA,NA,NA
完整教材錄影,完整投影片,NA,NA,NA,NA,NA
完整投影片,完整教材錄影,教材下載,完整教材錄影,NA,NA,NA
完整教材錄影,NA,NA,NA,NA,NA,NA
重點整理,NA,NA,NA,NA,NA,NA
重點整理,完整教材錄影,NA,NA,NA,NA,NA
完整投影片,完整教材錄影,NA,NA,NA,NA,NA
完整投影片,測驗,討論,相關規定,NA,NA,NA
完整教材錄影,NA,NA,NA,NA,NA,NA
完整教材錄影,完整投影片,完整教材錄影,完整投影片,NA,NA,NA
完整投影片,NA,NA,NA,NA,NA,NA
完整教材錄影,討論,完整教材錄影,重點整理,完整教材錄影,NA,NA
完整教材錄影,NA,NA,NA,NA,NA,NA
完整教材錄影,課程相關疑難釋疑含相關規定,NA,NA,NA,NA,NA
課程相關疑難釋疑含相關規定,完整教材錄影,NA,NA,NA,NA,NA
考古題,完整教材錄影,重點整理,教材下載,完整投影片,討論,完整投影片
完整投影片,完整教材錄影,教材下載,完整教材錄影,NA,NA,NA
完整教材錄影,NA,NA,NA,NA,NA,NA
完整教材錄影,NA,NA,NA,NA,NA,NA
完整教材錄影,重點整理,完整教材錄影,NA,NA,NA,NA
完整教材錄影,NA,NA,NA,NA,NA,NA
完整教材錄影,NA,NA,NA,NA,NA,NA
完整教材錄影,NA,NA,NA,NA,NA,NA
完整教材錄影,完整投影片,NA,NA,NA,NA,NA
完整投影片,完整教材錄影,NA,NA,NA,NA,NA
完整教材錄影,NA,NA,NA,NA,NA,NA
完整教材錄影,NA,NA,NA,NA,NA,NA
完整教材錄影,NA,NA,NA,NA,NA,NA
完整教材錄影,NA,NA,NA,NA,NA,NA
教材下載,完整教材錄影,完整投影片,完整教材錄影,完整投影片,NA,NA
完整教材錄影,NA,NA,NA,NA,NA,NA
完整教材錄影,完整投影片,完整教材錄影,完整投影片,完整教材錄影,NA,NA
完整教材錄影,NA,NA,NA,NA,NA,NA
完整教材錄影,完整投影片,教材下載,完整投影片,NA,NA,NA
完整投影片,完整教材錄影,NA,NA,NA,NA,NA
完整教材錄影,NA,NA,NA,NA,NA,NA
完整投影片,完整教材錄影,NA,NA,NA,NA,NA
完整教材錄影,NA,NA,NA,NA,NA,NA
完整教材錄影,教材下載,完整教材錄影,NA,NA,NA,NA
完整教材錄影,完整投影片,完整教材錄影,NA,NA,NA,NA
完整投影片,NA,NA,NA,NA,NA,NA
完整教材錄影,討論,重點整理,NA,NA,NA,NA
完整投影片,NA,NA,NA,NA,NA,NA
完整投影片,NA,NA,NA,NA,NA,NA
完整投影片,測驗,完整投影片,完整教材錄影,NA,NA,NA
完整教材錄影,課程相關疑難釋疑含相關規定,完整投影片,NA,NA,NA,NA
完整投影片,重點整理,完整教材錄影,教材下載,NA,NA,NA
教材下載,相關規定,NA,NA,NA,NA,NA
完整投影片,完整教材錄影,完整投影片,NA,NA,NA,NA
完整投影片,測驗,完整教材錄影,完整投影片,完整教材錄影,完整投影片,重點整理
重點整理,完整教材錄影,完整投影片,完整教材錄影,NA,NA,NA
完整教材錄影,完整投影片,完整教材錄影,完整投影片,完整教材錄影,完整投影片,完整教材錄影
完整教材錄影,完整投影片,NA,NA,NA,NA,NA
完整投影片,討論,完整投影片,重點整理,NA,NA,NA
重點整理,NA,NA,NA,NA,NA,NA
重點整理,完整投影片,完整教材錄影,NA,NA,NA,NA
考古題,完整投影片,完整教材錄影,完整投影片,完整教材錄影,NA,NA
完整教材錄影,討論,NA,NA,NA,NA,NA
完整教材錄影,重點整理,完整教材錄影,NA,NA,NA,NA
完整教材錄影,NA,NA,NA,NA,NA,NA
完整教材錄影,討論,測驗,討論,NA,NA,NA
討論,完整教材錄影,討論,完整投影片,NA,NA,NA
完整教材錄影,討論,NA,NA,NA,NA,NA
討論,NA,NA,NA,NA,NA,NA
討論,完整教材錄影,NA,NA,NA,NA,NA
考古題,NA,NA,NA,NA,NA,NA
考古題,完整教材錄影,NA,NA,NA,NA,NA
討論,NA,NA,NA,NA,NA,NA
完整教材錄影,NA,NA,NA,NA,NA,NA
完整教材錄影,完整投影片,完整教材錄影,完整投影片,NA,NA,NA
完整投影片,完整教材錄影,完整投影片,完整教材錄影,NA,NA,NA
完整教材錄影,完整投影片,NA,NA,NA,NA,NA
完整投影片,NA,NA,NA,NA,NA,NA
完整投影片,完整教材錄影,完整投影片,NA,NA,NA,NA
完整投影片,完整教材錄影,NA,NA,NA,NA,NA
測驗,完整教材錄影,NA,NA,NA,NA,NA
完整教材錄影,完整投影片,NA,NA,NA,NA,NA
完整投影片,NA,NA,NA,NA,NA,NA
完整投影片,NA,NA,NA,NA,NA,NA
完整投影片,完整教材錄影,討論,完整教材錄影,重點整理,NA,NA
重點整理,NA,NA,NA,NA,NA,NA
完整教材錄影,完整投影片,完整教材錄影,NA,NA,NA,NA
完整教材錄影,完整投影片,NA,NA,NA,NA,NA
完整投影片,完整教材錄影,課程相關疑難釋疑含相關規定,NA,NA,NA,NA
教材下載,完整教材錄影,教材下載,NA,NA,NA,NA
教材下載,NA,NA,NA,NA,NA,NA
教材下載,完整投影片,NA,NA,NA,NA,NA
教材下載,完整教材錄影,重點整理,教材下載,NA,NA,NA
完整教材錄影,測驗,重點整理,討論,完整投影片,完整教材錄影,NA
完整教材錄影,NA,NA,NA,NA,NA,NA
完整教材錄影,教材下載,NA,NA,NA,NA,NA
教材下載,NA,NA,NA,NA,NA,NA
完整教材錄影,NA,NA,NA,NA,NA,NA
完整教材錄影,完整投影片,完整教材錄影,NA,NA,NA,NA
完整教材錄影,討論,完整教材錄影,教材下載,NA,NA,NA
教材下載,NA,NA,NA,NA,NA,NA
教材下載,完整教材錄影,完整投影片,NA,NA,NA,NA
完整投影片,完整教材錄影,NA,NA,NA,NA,NA
完整教材錄影,完整投影片,NA,NA,NA,NA,NA
完整投影片,教材下載,NA,NA,NA,NA,NA
教材下載,NA,NA,NA,NA,NA,NA
完整教材錄影,相關規定,完整教材錄影,教材下載,NA,NA,NA
教材下載,完整投影片,NA,NA,NA,NA,NA
完整投影片,完整教材錄影,完整投影片,NA,NA,NA,NA
完整投影片,完整教材錄影,完整投影片,NA,NA,NA,NA
完整投影片,NA,NA,NA,NA,NA,NA
完整投影片,NA,NA,NA,NA,NA,NA
完整投影片,完整教材錄影,重點整理,完整教材錄影,NA,NA,NA
完整教材錄影,完整投影片,NA,NA,NA,NA,NA
完整投影片,完整教材錄影,NA,NA,NA,NA,NA
完整教材錄影,討論,完整教材錄影,教材下載,NA,NA,NA
教材下載,完整教材錄影,討論,完整教材錄影,NA,NA,NA
完整投影片,教材下載,NA,NA,NA,NA,NA
教材下載,完整投影片,討論,NA,NA,NA,NA
完整投影片,NA,NA,NA,NA,NA,NA
完整教材錄影,教材下載,NA,NA,NA,NA,NA
教材下載,NA,NA,NA,NA,NA,NA
教材下載,完整投影片,教材下載,完整教材錄影,教材下載,NA,NA
教材下載,完整教材錄影,教材下載,完整投影片,教材下載,完整投影片,NA
完整投影片,完整教材錄影,NA,NA,NA,NA,NA
教材下載,完整教材錄影,完整投影片,完整教材錄影,NA,NA,NA
完整教材錄影,NA,NA,NA,NA,NA,NA
完整教材錄影,NA,NA,NA,NA,NA,NA
完整教材錄影,完整投影片,完整教材錄影,教材下載,完整教材錄影,NA,NA
完整教材錄影,完整投影片,NA,NA,NA,NA,NA
完整投影片,完整教材錄影,NA,NA,NA,NA,NA
完整教材錄影,NA,NA,NA,NA,NA,NA
完整教材錄影,課程相關疑難釋疑含相關規定,完整教材錄影,重點整理,討論,NA,NA
討論,完整投影片,教材下載,完整教材錄影,NA,NA,NA
完整教材錄影,教材下載,完整投影片,教材下載,NA,NA,NA
完整教材錄影,教材下載,完整教材錄影,NA,NA,NA,NA
完整教材錄影,討論,NA,NA,NA,NA,NA
完整教材錄影,NA,NA,NA,NA,NA,NA
完整教材錄影,課程相關疑難釋疑含相關規定,完整教材錄影,NA,NA,NA,NA
完整教材錄影,NA,NA,NA,NA,NA,NA
完整教材錄影,完整投影片,NA,NA,NA,NA,NA
完整投影片,NA,NA,NA,NA,NA,NA
完整投影片,完整教材錄影,NA,NA,NA,NA,NA
討論,NA,NA,NA,NA,NA,NA
完整教材錄影,NA,NA,NA,NA,NA,NA
完整教材錄影,討論,完整教材錄影,NA,NA,NA,NA
完整教材錄影,重點整理,完整教材錄影,教材下載,NA,NA,NA
教材下載,重點整理,NA,NA,NA,NA,NA
完整投影片,重點整理,完整投影片,重點整理,NA,NA,NA
重點整理,NA,NA,NA,NA,NA,NA
考古題,NA,NA,NA,NA,NA,NA
考古題,完整教材錄影,完整投影片,完整教材錄影,NA,NA,NA
完整教材錄影,討論,重點整理,完整教材錄影,教材下載,NA,NA
教材下載,NA,NA,NA,NA,NA,NA
教材下載,完整教材錄影,NA,NA,NA,NA,NA
完整投影片,NA,NA,NA,NA,NA,NA
完整投影片,完整教材錄影,完整投影片,教材下載,完整教材錄影,NA,NA
完整投影片,討論,測驗,NA,NA,NA,NA
完整投影片,NA,NA,NA,NA,NA,NA
完整投影片,完整教材錄影,教材下載,NA,NA,NA,NA
教材下載,完整教材錄影,NA,NA,NA,NA,NA
完整投影片,討論,重點整理,完整投影片,NA,NA,NA
完整投影片,重點整理,NA,NA,NA,NA,NA
重點整理,NA,NA,NA,NA,NA,NA
完整教材錄影,完整投影片,NA,NA,NA,NA,NA
教材下載,完整投影片,重點整理,完整教材錄影,完整投影片,NA,NA
完整教材錄影,完整投影片,測驗,完整投影片,完整教材錄影,NA,NA
完整教材錄影,討論,NA,NA,NA,NA,NA
討論,完整教材錄影,NA,NA,NA,NA,NA
相關規定,NA,NA,NA,NA,NA,NA
完整教材錄影,NA,NA,NA,NA,NA,NA
完整教材錄影,NA,NA,NA,NA,NA,NA
完整教材錄影,討論,NA,NA,NA,NA,NA
討論,完整投影片,NA,NA,NA,NA,NA
完整投影片,NA,NA,NA,NA,NA,NA
完整投影片,完整教材錄影,相關規定,完整教材錄影,NA,NA,NA
完整教材錄影,完整投影片,完整教材錄影,NA,NA,NA,NA
完整教材錄影,NA,NA,NA,NA,NA,NA
完整教材錄影,NA,NA,NA,NA,NA,NA
完整教材錄影,NA,NA,NA,NA,NA,NA
完整教材錄影,完整投影片,課程相關疑難釋疑含相關規定,完整教材錄影,NA,NA,NA
完整教材錄影,完整投影片,完整教材錄影,完整投影片,完整教材錄影,NA,NA
完整教材錄影,NA,NA,NA,NA,NA,NA
完整教材錄影,NA,NA,NA,NA,NA,NA
完整教材錄影,NA,NA,NA,NA,NA,NA
完整教材錄影,NA,NA,NA,NA,NA,NA
討論,NA,NA,NA,NA,NA,NA
完整教材錄影,NA,NA,NA,NA,NA,NA
完整教材錄影,重點整理,完整教材錄影,NA,NA,NA,NA
完整教材錄影,測驗,完整教材錄影,課程相關疑難釋疑含相關規定,NA,NA,NA
課程相關疑難釋疑含相關規定,教材下載,NA,NA,NA,NA,NA
教材下載,完整教材錄影,完整投影片,NA,NA,NA,NA
討論,NA,NA,NA,NA,NA,NA
完整教材錄影,討論,完整教材錄影,重點整理,NA,NA,NA
重點整理,完整教材錄影,NA,NA,NA,NA,NA
完整教材錄影,NA,NA,NA,NA,NA,NA
完整教材錄影,NA,NA,NA,NA,NA,NA
完整教材錄影,完整投影片,完整教材錄影,NA,NA,NA,NA
完整教材錄影,重點整理,完整教材錄影,完整投影片,NA,NA,NA
完整投影片,相關規定,NA,NA,NA,NA,NA
相關規定,重點整理,完整教材錄影,完整投影片,NA,NA,NA
完整投影片,NA,NA,NA,NA,NA,NA
完整投影片,NA,NA,NA,NA,NA,NA
完整投影片,NA,NA,NA,NA,NA,NA
完整投影片,NA,NA,NA,NA,NA,NA
完整投影片,完整教材錄影,NA,NA,NA,NA,NA
完整教材錄影,NA,NA,NA,NA,NA,NA
完整投影片,討論,完整教材錄影,完整投影片,完整教材錄影,完整投影片,完整教材錄影
完整教材錄影,完整投影片,討論,完整投影片,完整教材錄影,完整投影片,NA
完整投影片,NA,NA,NA,NA,NA,NA
完整投影片,NA,NA,NA,NA,NA,NA
完整投影片,完整教材錄影,完整投影片,NA,NA,NA,NA
完整投影片,NA,NA,NA,NA,NA,NA
完整投影片,NA,NA,NA,NA,NA,NA
完整投影片,完整教材錄影,課程相關疑難釋疑含相關規定,完整投影片,NA,NA,NA
完整投影片,NA,NA,NA,NA,NA,NA
完整投影片,NA,NA,NA,NA,NA,NA
完整投影片,完整教材錄影,NA,NA,NA,NA,NA
完整教材錄影,NA,NA,NA,NA,NA,NA
完整教材錄影,NA,NA,NA,NA,NA,NA
完整教材錄影,完整投影片,相關規定,完整投影片,完整教材錄影,NA,NA
完整教材錄影,完整投影片,完整教材錄影,NA,NA,NA,NA
完整教材錄影,完整投影片,完整教材錄影,NA,NA,NA,NA
完整教材錄影,完整投影片,NA,NA,NA,NA,NA
完整投影片,完整教材錄影,完整投影片,完整教材錄影,完整投影片,NA,NA
完整教材錄影,完整投影片,NA,NA,NA,NA,NA
完整投影片,完整教材錄影,完整投影片,完整教材錄影,NA,NA,NA
完整教材錄影,完整投影片,完整教材錄影,完整投影片,NA,NA,NA
完整投影片,完整教材錄影,完整投影片,完整教材錄影,NA,NA,NA
完整教材錄影,NA,NA,NA,NA,NA,NA
完整教材錄影,NA,NA,NA,NA,NA,NA
完整教材錄影,NA,NA,NA,NA,NA,NA
完整教材錄影,NA,NA,NA,NA,NA,NA
完整教材錄影,完整投影片,完整教材錄影,NA,NA,NA,NA
完整教材錄影,NA,NA,NA,NA,NA,NA
完整教材錄影,教材下載,NA,NA,NA,NA,NA
教材下載,NA,NA,NA,NA,NA,NA
教材下載,完整投影片,完整教材錄影,完整投影片,NA,NA,NA
完整投影片,討論,完整投影片,完整教材錄影,完整投影片,NA,NA
完整投影片,NA,NA,NA,NA,NA,NA
完整投影片,完整教材錄影,NA,NA,NA,NA,NA
完整教材錄影,完整投影片,NA,NA,NA,NA,NA
完整投影片,測驗,完整教材錄影,完整投影片,完整教材錄影,NA,NA
完整教材錄影,完整投影片,NA,NA,NA,NA,NA
完整投影片,完整教材錄影,NA,NA,NA,NA,NA
完整教材錄影,完整投影片,NA,NA,NA,NA,NA
完整投影片,完整教材錄影,NA,NA,NA,NA,NA
完整教材錄影,NA,NA,NA,NA,NA,NA
完整教材錄影,教材下載,NA,NA,NA,NA,NA
教材下載,完整教材錄影,NA,NA,NA,NA,NA
完整教材錄影,完整投影片,完整教材錄影,討論,完整教材錄影,完整投影片,完整教材錄影
完整教材錄影,NA,NA,NA,NA,NA,NA
完整教材錄影,完整投影片,NA,NA,NA,NA,NA
完整投影片,完整教材錄影,完整投影片,完整教材錄影,完整投影片,完整教材錄影,完整投影片
完整教材錄影,測驗,完整教材錄影,NA,NA,NA,NA
完整教材錄影,NA,NA,NA,NA,NA,NA
完整教材錄影,NA,NA,NA,NA,NA,NA
完整教材錄影,討論,完整教材錄影,完整投影片,完整教材錄影,NA,NA
完整教材錄影,NA,NA,NA,NA,NA,NA
完整教材錄影,完整投影片,NA,NA,NA,NA,NA
完整投影片,完整教材錄影,NA,NA,NA,NA,NA
完整教材錄影,完整投影片,完整教材錄影,完整投影片,完整教材錄影,NA,NA
完整教材錄影,討論,NA,NA,NA,NA,NA
討論,完整教材錄影,NA,NA,NA,NA,NA
完整教材錄影,完整投影片,NA,NA,NA,NA,NA
完整投影片,完整教材錄影,重點整理,完整教材錄影,NA,NA,NA
討論,NA,NA,NA,NA,NA,NA
討論,完整投影片,教材下載,NA,NA,NA,NA
完整投影片,測驗,完整投影片,NA,NA,NA,NA
完整投影片,NA,NA,NA,NA,NA,NA
考古題,完整投影片,完整教材錄影,重點整理,教材下載,重點整理,NA
重點整理,完整投影片,重點整理,NA,NA,NA,NA
重點整理,討論,NA,NA,NA,NA,NA
完整教材錄影,完整投影片,NA,NA,NA,NA,NA
完整投影片,完整教材錄影,討論,完整教材錄影,完整投影片,NA,NA
完整投影片,完整教材錄影,NA,NA,NA,NA,NA
完整教材錄影,重點整理,NA,NA,NA,NA,NA
重點整理,NA,NA,NA,NA,NA,NA
重點整理,完整投影片,NA,NA,NA,NA,NA
完整投影片,完整教材錄影,NA,NA,NA,NA,NA
完整教材錄影,NA,NA,NA,NA,NA,NA
重點整理,完整教材錄影,NA,NA,NA,NA,NA
完整教材錄影,NA,NA,NA,NA,NA,NA
完整教材錄影,NA,NA,NA,NA,NA,NA
完整教材錄影,NA,NA,NA,NA,NA,NA
完整教材錄影,NA,NA,NA,NA,NA,NA
完整教材錄影,NA,NA,NA,NA,NA,NA
完整投影片,NA,NA,NA,NA,NA,NA
完整投影片,完整教材錄影,完整投影片,相關規定,NA,NA,NA
相關規定,完整教材錄影,NA,NA,NA,NA,NA
完整教材錄影,相關規定,完整教材錄影,完整投影片,完整教材錄影,NA,NA
重點整理,教材下載,NA,NA,NA,NA,NA
教材下載,完整投影片,NA,NA,NA,NA,NA
完整投影片,討論,完整教材錄影,NA,NA,NA,NA
完整教材錄影,完整投影片,教材下載,完整投影片,NA,NA,NA
完整投影片,NA,NA,NA,NA,NA,NA
完整教材錄影,NA,NA,NA,NA,NA,NA
完整教材錄影,課程相關疑難釋疑含相關規定,完整教材錄影,完整投影片,NA,NA,NA
完整投影片,完整教材錄影,NA,NA,NA,NA,NA
完整教材錄影,NA,NA,NA,NA,NA,NA
完整投影片,NA,NA,NA,NA,NA,NA
完整投影片,完整教材錄影,NA,NA,NA,NA,NA
完整教材錄影,重點整理,完整教材錄影,NA,NA,NA,NA
完整教材錄影,NA,NA,NA,NA,NA,NA
相關規定,NA,NA,NA,NA,NA,NA
重點整理,NA,NA,NA,NA,NA,NA
相關規定,完整教材錄影,教材下載,完整教材錄影,NA,NA,NA
完整教材錄影,NA,NA,NA,NA,NA,NA
完整教材錄影,課程相關疑難釋疑含相關規定,重點整理,NA,NA,NA,NA
討論,NA,NA,NA,NA,NA,NA
完整教材錄影,教材下載,完整教材錄影,完整投影片,NA,NA,NA
完整投影片,重點整理,完整教材錄影,完整投影片,完整教材錄影,NA,NA
完整教材錄影,討論,重點整理,NA,NA,NA,NA
完整投影片,完整教材錄影,NA,NA,NA,NA,NA
完整投影片,討論,完整投影片,NA,NA,NA,NA
完整教材錄影,完整投影片,NA,NA,NA,NA,NA
完整投影片,NA,NA,NA,NA,NA,NA
完整教材錄影,完整投影片,NA,NA,NA,NA,NA
完整投影片,NA,NA,NA,NA,NA,NA
教材下載,NA,NA,NA,NA,NA,NA
完整教材錄影,相關規定,教材下載,NA,NA,NA,NA
教材下載,NA,NA,NA,NA,NA,NA
教材下載,完整教材錄影,NA,NA,NA,NA,NA
完整教材錄影,NA,NA,NA,NA,NA,NA
完整教材錄影,NA,NA,NA,NA,NA,NA
完整教材錄影,NA,NA,NA,NA,NA,NA
完整教材錄影,NA,NA,NA,NA,NA,NA
考古題,NA,NA,NA,NA,NA,NA
完整教材錄影,完整投影片,NA,NA,NA,NA,NA
完整投影片,NA,NA,NA,NA,NA,NA
完整教材錄影,NA,NA,NA,NA,NA,NA
完整教材錄影,NA,NA,NA,NA,NA,NA
完整教材錄影,NA,NA,NA,NA,NA,NA
完整教材錄影,NA,NA,NA,NA,NA,NA
完整教材錄影,完整投影片,NA,NA,NA,NA,NA
完整投影片,NA,NA,NA,NA,NA,NA
考古題,完整教材錄影,完整投影片,測驗,重點整理,NA,NA
重點整理,完整教材錄影,NA,NA,NA,NA,NA
完整教材錄影,NA,NA,NA,NA,NA,NA
完整教材錄影,教材下載,NA,NA,NA,NA,NA
教材下載,NA,NA,NA,NA,NA,NA
教材下載,完整教材錄影,NA,NA,NA,NA,NA
完整教材錄影,NA,NA,NA,NA,NA,NA
完整教材錄影,教材下載,NA,NA,NA,NA,NA
教材下載,NA,NA,NA,NA,NA,NA
完整教材錄影,教材下載,完整教材錄影,NA,NA,NA,NA
考古題,完整投影片,相關規定,NA,NA,NA,NA
完整投影片,NA,NA,NA,NA,NA,NA
重點整理,完整教材錄影,教材下載,重點整理,NA,NA,NA
完整投影片,教材下載,完整教材錄影,完整投影片,完整教材錄影,NA,NA
完整教材錄影,測驗,重點整理,完整教材錄影,完整投影片,NA,NA
考古題,完整投影片,NA,NA,NA,NA,NA
完整投影片,測驗,完整投影片,NA,NA,NA,NA
完整投影片,完整教材錄影,NA,NA,NA,NA,NA
考古題,完整教材錄影,NA,NA,NA,NA,NA
完整教材錄影,重點整理,NA,NA,NA,NA,NA
重點整理,教材下載,NA,NA,NA,NA,NA
教材下載,完整投影片,教材下載,完整教材錄影,NA,NA,NA
重點整理,NA,NA,NA,NA,NA,NA
重點整理,教材下載,重點整理,完整教材錄影,討論,完整教材錄影,NA
完整教材錄影,完整投影片,完整教材錄影,NA,NA,NA,NA
完整投影片,完整教材錄影,NA,NA,NA,NA,NA
完整教材錄影,完整投影片,完整教材錄影,NA,NA,NA,NA
完整教材錄影,完整投影片,完整教材錄影,完整投影片,完整教材錄影,完整投影片,NA
完整投影片,完整教材錄影,完整投影片,NA,NA,NA,NA
完整投影片,NA,NA,NA,NA,NA,NA
完整投影片,完整教材錄影,完整投影片,NA,NA,NA,NA
完整投影片,完整教材錄影,完整投影片,NA,NA,NA,NA
完整投影片,NA,NA,NA,NA,NA,NA
完整投影片,NA,NA,NA,NA,NA,NA
完整教材錄影,完整投影片,NA,NA,NA,NA,NA
完整投影片,NA,NA,NA,NA,NA,NA
完整投影片,完整教材錄影,完整投影片,討論,測驗,完整教材錄影,NA
完整教材錄影,討論,NA,NA,NA,NA,NA
討論,NA,NA,NA,NA,NA,NA
討論,完整投影片,NA,NA,NA,NA,NA
完整投影片,完整教材錄影,完整投影片,NA,NA,NA,NA
完整投影片,完整教材錄影,NA,NA,NA,NA,NA
完整教材錄影,教材下載,NA,NA,NA,NA,NA
教材下載,NA,NA,NA,NA,NA,NA
教材下載,完整投影片,NA,NA,NA,NA,NA
完整教材錄影,NA,NA,NA,NA,NA,NA
完整教材錄影,完整投影片,NA,NA,NA,NA,NA
完整投影片,完整教材錄影,NA,NA,NA,NA,NA
完整教材錄影,完整投影片,完整教材錄影,NA,NA,NA,NA
完整教材錄影,NA,NA,NA,NA,NA,NA
完整教材錄影,NA,NA,NA,NA,NA,NA
完整教材錄影,完整投影片,完整教材錄影,課程相關疑難釋疑含相關規定,完整投影片,NA,NA
完整投影片,完整教材錄影,NA,NA,NA,NA,NA
完整教材錄影,完整投影片,教材下載,NA,NA,NA,NA
教材下載,完整教材錄影,課程相關疑難釋疑含相關規定,完整教材錄影,完整投影片,教材下載,NA
教材下載,NA,NA,NA,NA,NA,NA
討論,完整投影片,完整教材錄影,NA,NA,NA,NA
重點整理,教材下載,NA,NA,NA,NA,NA
教材下載,完整教材錄影,NA,NA,NA,NA,NA
完整投影片,重點整理,NA,NA,NA,NA,NA
重點整理,完整投影片,重點整理,完整投影片,完整教材錄影,完整投影片,NA
完整投影片,NA,NA,NA,NA,NA,NA
完整投影片,NA,NA,NA,NA,NA,NA
完整教材錄影,討論,測驗,教材下載,考古題,教材下載,NA
教材下載,NA,NA,NA,NA,NA,NA
教材下載,完整教材錄影,NA,NA,NA,NA,NA
完整教材錄影,討論,NA,NA,NA,NA,NA
完整教材錄影,NA,NA,NA,NA,NA,NA
完整教材錄影,NA,NA,NA,NA,NA,NA
完整教材錄影,討論,教材下載,NA,NA,NA,NA
教材下載,完整教材錄影,NA,NA,NA,NA,NA
完整教材錄影,NA,NA,NA,NA,NA,NA
完整教材錄影,NA,NA,NA,NA,NA,NA
考古題,NA,NA,NA,NA,NA,NA
完整教材錄影,討論,NA,NA,NA,NA,NA
討論,NA,NA,NA,NA,NA,NA
討論,完整投影片,完整教材錄影,完整投影片,完整教材錄影,NA,NA
完整教材錄影,完整投影片,NA,NA,NA,NA,NA
完整投影片,NA,NA,NA,NA,NA,NA
完整投影片,NA,NA,NA,NA,NA,NA
完整教材錄影,NA,NA,NA,NA,NA,NA
完整教材錄影,NA,NA,NA,NA,NA,NA
完整教材錄影,NA,NA,NA,NA,NA,NA
完整投影片,討論,測驗,重點整理,完整教材錄影,完整投影片,完整教材錄影
完整教材錄影,完整投影片,討論,完整教材錄影,NA,NA,NA
完整教材錄影,NA,NA,NA,NA,NA,NA
完整教材錄影,討論,完整投影片,完整教材錄影,NA,NA,NA
完整教材錄影,NA,NA,NA,NA,NA,NA
完整教材錄影,NA,NA,NA,NA,NA,NA
完整教材錄影,NA,NA,NA,NA,NA,NA
完整教材錄影,討論,重點整理,討論,完整教材錄影,NA,NA
完整教材錄影,NA,NA,NA,NA,NA,NA
完整教材錄影,完整投影片,完整教材錄影,NA,NA,NA,NA
完整教材錄影,NA,NA,NA,NA,NA,NA
完整教材錄影,NA,NA,NA,NA,NA,NA
完整教材錄影,NA,NA,NA,NA,NA,NA
完整教材錄影,討論,完整教材錄影,NA,NA,NA,NA
完整教材錄影,討論,完整教材錄影,討論,NA,NA,NA
完整教材錄影,教材下載,NA,NA,NA,NA,NA
教材下載,完整教材錄影,教材下載,NA,NA,NA,NA
教材下載,完整教材錄影,討論,完整教材錄影,討論,測驗,教材下載
教材下載,NA,NA,NA,NA,NA,NA
教材下載,討論,完整教材錄影,NA,NA,NA,NA
完整教材錄影,完整投影片,NA,NA,NA,NA,NA
完整教材錄影,NA,NA,NA,NA,NA,NA
完整教材錄影,NA,NA,NA,NA,NA,NA
完整教材錄影,NA,NA,NA,NA,NA,NA
完整教材錄影,NA,NA,NA,NA,NA,NA
完整教材錄影,NA,NA,NA,NA,NA,NA
完整教材錄影,NA,NA,NA,NA,NA,NA
完整教材錄影,NA,NA,NA,NA,NA,NA
完整教材錄影,重點整理,NA,NA,NA,NA,NA
重點整理,NA,NA,NA,NA,NA,NA
重點整理,完整教材錄影,NA,NA,NA,NA,NA
完整教材錄影,完整投影片,完整教材錄影,NA,NA,NA,NA
完整教材錄影,NA,NA,NA,NA,NA,NA
完整教材錄影,NA,NA,NA,NA,NA,NA
完整教材錄影,教材下載,完整投影片,相關規定,完整投影片,完整教材錄影,NA
完整教材錄影,教材下載,NA,NA,NA,NA,NA
教材下載,完整教材錄影,完整投影片,NA,NA,NA,NA
完整投影片,完整教材錄影,討論,NA,NA,NA,NA
討論,完整投影片,NA,NA,NA,NA,NA
完整投影片,NA,NA,NA,NA,NA,NA
完整投影片,NA,NA,NA,NA,NA,NA
重點整理,完整教材錄影,教材下載,NA,NA,NA,NA
教材下載,完整投影片,NA,NA,NA,NA,NA
完整投影片,完整教材錄影,完整投影片,NA,NA,NA,NA
完整投影片,完整教材錄影,完整投影片,NA,NA,NA,NA
完整投影片,NA,NA,NA,NA,NA,NA
完整投影片,NA,NA,NA,NA,NA,NA
完整投影片,相關規定,完整投影片,完整教材錄影,NA,NA,NA
完整教材錄影,NA,NA,NA,NA,NA,NA
完整教材錄影,NA,NA,NA,NA,NA,NA
完整教材錄影,完整投影片,NA,NA,NA,NA,NA
完整投影片,完整教材錄影,NA,NA,NA,NA,NA
完整教材錄影,NA,NA,NA,NA,NA,NA
測驗,NA,NA,NA,NA,NA,NA
測驗,教材下載,測驗,完整投影片,NA,NA,NA
完整投影片,教材下載,NA,NA,NA,NA,NA
教材下載,討論,完整教材錄影,完整投影片,NA,NA,NA
完整教材錄影,教材下載,NA,NA,NA,NA,NA
教材下載,完整教材錄影,NA,NA,NA,NA,NA
完整教材錄影,教材下載,完整教材錄影,教材下載,NA,NA,NA
教材下載,完整投影片,完整教材錄影,NA,NA,NA,NA
完整教材錄影,NA,NA,NA,NA,NA,NA
教材下載,相關規定,NA,NA,NA,NA,NA
完整教材錄影,完整投影片,完整教材錄影,NA,NA,NA,NA
完整教材錄影,教材下載,完整教材錄影,教材下載,NA,NA,NA
教材下載,完整教材錄影,重點整理,完整教材錄影,完整投影片,NA,NA
完整投影片,NA,NA,NA,NA,NA,NA
完整投影片,完整教材錄影,NA,NA,NA,NA,NA
完整教材錄影,教材下載,完整教材錄影,測驗,完整教材錄影,NA,NA
完整投影片,NA,NA,NA,NA,NA,NA
完整投影片,NA,NA,NA,NA,NA,NA
完整教材錄影,測驗,NA,NA,NA,NA,NA
測驗,完整教材錄影,完整投影片,完整教材錄影,完整投影片,NA,NA
課程相關疑難釋疑含相關規定,完整教材錄影,完整投影片,教材下載,完整教材錄影,NA,NA
完整教材錄影,完整投影片,NA,NA,NA,NA,NA
完整投影片,教材下載,完整投影片,NA,NA,NA,NA
完整投影片,教材下載,完整教材錄影,完整投影片,完整教材錄影,教材下載,完整教材錄影
考古題,完整教材錄影,測驗,討論,NA,NA,NA
完整投影片,完整教材錄影,NA,NA,NA,NA,NA
完整教材錄影,完整投影片,完整教材錄影,完整投影片,NA,NA,NA
完整投影片,NA,NA,NA,NA,NA,NA
完整投影片,NA,NA,NA,NA,NA,NA
完整投影片,完整教材錄影,NA,NA,NA,NA,NA
討論,完整投影片,NA,NA,NA,NA,NA
完整投影片,測驗,重點整理,完整投影片,NA,NA,NA
完整投影片,完整教材錄影,NA,NA,NA,NA,NA
完整教材錄影,NA,NA,NA,NA,NA,NA
完整教材錄影,NA,NA,NA,NA,NA,NA
完整教材錄影,完整投影片,NA,NA,NA,NA,NA
完整投影片,討論,NA,NA,NA,NA,NA
